{"L": 3, "BC": "OBC", "hx": 0.2, "hz": 0.2, "E_exact": -13.602573805307541, "results": {"A": {"iter": [0, 1], "E": [-11.449186721871637, -11.798451760998429], "E_err": [0.044594390592483685, 0.04496247485247557], "deltaE": [0.15830732582356447, 0.13263093221410555], "R_hat": [1.0279539942702358, 1.0363500615443129], "tau_corr": [0.0, 0.02949486257145051], "Vscore": [0.41479613323319037, 0.3370309816864888], "mcmc_acc": [0.9984681372549019, 0.9086243872549019], "config": {"dt": 0.007, "diag_shift": 0.001, "n_iter": 2, "n_samples": 2048, "n_chains": 16, "n_sweeps": 6, "n_discard": 8, "chunk_size": 2048, "kernel_size": 2, "kernel_size_inv": 2, "channels_noninv": [1, 2, 4], "channels_inv": [4, 4, 4], "use_custom_sampler": true}}, "B": {"iter": [0, 1], "E": [-11.468707024524145, -11.553952905225083], "E_err": [0.0453249963204369, 0.04542422764837749], "deltaE": [0.15687228103484285, 0.15060538758356995], "R_hat": [1.019164094896394, 1.0350290176454897], "tau_corr": [0.0, 0.0], "Vscore": [0.4155902270163345, 0.3844693780311475], "mcmc_acc": [0.9989276960784313, 0.9541973039215687], "config": {"dt": 0.02, "diag_shift": 0.001, "n_iter": 2, "n_samples": 2048, "n_chains": 16, "n_sweeps": 6, "n_discard": 8, "chunk_size": 2048, "kernel_size": 2, "kernel_size_inv": 2, "channels_noninv": [1, 2, 4], "channels_inv": [4, 4, 4], "use_custom_sampler": true}}}}